{"cameraMode":{"drawMode":0,"name":"Shaded","section":"Shading Mode"},"sceneLighting":true,"audioPlay":false,"sceneViewState":{"showFog":true,"showMaterialUpdate":false,"showSkybox":true,"showFlares":true,"showImageEffects":true,"showParticleSystems":true},"in2DMode":false,"pivot":{"x":-0.5227969288825989,"y":0.9482859373092651,"z":1.1880167722702027},"rotation":{"x":0.13044695556163789,"y":-0.2077510952949524,"z":0.027965405955910684,"w":0.969044029712677},"size":1.5073950290679932,"orthographic":false}