{"cameraMode":{"drawMode":0,"name":"Shaded","section":"Shading Mode"},"sceneLighting":true,"audioPlay":false,"sceneViewState":{"showFog":true,"showMaterialUpdate":false,"showSkybox":true,"showFlares":true,"showImageEffects":true,"showParticleSystems":true},"in2DMode":false,"pivot":{"x":0.05102032423019409,"y":1.4303563833236695,"z":0.7308297157287598},"rotation":{"x":0.03553219884634018,"y":-0.09189954400062561,"z":-0.003282986581325531,"w":-0.9951394200325012},"size":0.6073950529098511,"orthographic":false}